classname,classoutline,teacher,test,remote,homework,numofunits,when,semester,unitclass,keyword,class,course,difficulty
AIの諸問題,この講義では、今日のAIブームに至るAIの発展を1950年代のAI研究のはじまりから振り返り、AI研究の方法論や適用分野の変遷について学ぶ。さらに、AIの要素技術である機械学習の考え方や評価方法を事例の紹介を通して概観し、今日の大量データに基づくAI技術が社会に普及してゆくことにともなう影響や課題について考察する。,久保山哲二,no,no,1,1,集中講義,前期,選,AIの歴史,社会駆動,AI応用,1
AI医療・創薬概論,医療・創薬分野におけるビッグデータと人工知能（AI）技術の活用について最新の話題を含めながら講義する。医用画像のような医療データを情報解析することで医療診断支援を行うためのAI（深層ニューラルネットワーク）開発や応用研究について講義する。また、医療分野におけるAIの活用におけるセキュリティの問題についても触れる。さらに、分子や疾患に関する様々な医薬ビッグデータ（ゲノム、トランスクリプトーム、プロテオーム、メタボロームなどの大規模オミックスデータ）を情報解析し、医薬品開発に繋げるための機械学習（AI技術）の手法開発や応用研究について講義する。,竹本和広,no,no,1,2,集中講義,前期,選,人工知能、深層学習、機械学習、医療、創薬,社会駆動,AI応用,1
SDGs特論,SDGs（持続可能な開発目標）に代表される現代世界の複雑な問題は、一つの国、地域、組織、あるいは個人での解決は不可能である。それゆえ、異なるバックグラウンドを持つ多様なステークホルダー同士の協力が重要となる。他者から互いに学びあい、各々が変容していくプロセスが肝要である。本科目の受講者は、オンラインで世界各地のSDGsに関する取り組みに関するレクチャーを聴講し、その後、その内容について、オンラインでグループディスカッションを行う。本科目は集中講義であり、2コマずつ（例えば第1回と第2回授業）連続して実施する。レクチャーは初回を除いては外国人講師を招聘して英語で聴講する。ディスカッションは日本語で行う。これらを通して、受講者が、SDGsを、自らが世界と繋がり、学び、何かを提案する一連のプロセスとして体験することを意図している。,蔡佩宜,yes,no,4,1,集中講義,前期,選,SDGs、協働、対話、ディスカッション、オンライン,GEプログラム,,
アントレプレナーシップ入門,起業家（アントレプレナー），経営者，起業家育成に精通した者を講師として，起業家に求められるマインド（起業家精神＝アントレプレナーシップ），起業家に必須の技術と知識を学ぶ。,田中保成,yes,no,1,1,集中講義,後期,選,アントレプレナー、起業家、スタートアップ、ビジネス,社会駆動,アントレプレナーシップ,1
アントレプレナーシップ演習,起業家（アントレプレナー）、経営者、起業家育成に精通した者を講師として、起業家に求められるマインド（起業家精神＝アントレプレナーシップ、起業家に必須の技術と知識を学ぶ。経営、知財、財務、資金調達、事業計画書の作り方を演習を通して修得する。,田中保成,yes,no,4,1,集中講義,後期,選,アントレプレナー、起業家、スタートアップ、ビジネス、ピッチ,社会駆動,アントレプレナーシップ,
イメージ解析特論AI,"本講義では,大規模・複雑なイメージングデータからその背後に潜在する本質的構造を理解・定量化する上で必要なイメージ解析についての教育研究を行う。講義ではまず,空間フィルタやモルフォルジ処理など古典的な画像処理を概説する。次に,SIFTによるスケール不変な特徴の抽出や,動的輪郭法など,ディープラーニング登場以前からよく用いられてきたセグメンテーション技術について導入する。さらに,物体追跡の代表的な技術として,ベイズ推論に基づく状態推定アルゴリズムについて学ぶ。さらに,ここ10年ほどで急速な発展を遂げた,ディープラーニングに基づくセグメンテーションや追跡技術について学ぶ。最後に,自然科学や工学双方で非常に重要な技術である画像からの異常検出技術について学ぶ。",德永旭将,yes,no,2,2,集中講義,前期,選必,"イメージ解析,コンピュータビジョン,ベイズ推論,ディープラーニング,統計的機械学習,異常検知",専門深化,人工知能,2
イメージ解析特論CR,"本講義では,大規模・複雑なイメージングデータからその背後に潜在する本質的構造を理解・定量化する上で必要なイメージ解析についての教育研究を行う。講義ではまず,空間フィルタやモルフォルジ処理など古典的な画像処理を概説する。次に,SIFTによるスケール不変な特徴の抽出や,動的輪郭法など,ディープラーニング登場以前からよく用いられてきたセグメンテーション技術について導入する。さらに,物体追跡の代表的な技術として,ベイズ推論に基づく状態推定アルゴリズムについて学ぶ。さらに,ここ10年ほどで急速な発展を遂げた,ディープラーニングに基づくセグメンテーションや追跡技術について学ぶ。最後に,自然科学や工学双方で非常に重要な技術である画像からの異常検出技術について学ぶ。",德永旭将,yes,no,5,2,集中講義,前期,選,"イメージ解析,コンピュータビジョン,ベイズ推論,ディープラーニング,統計的機械学習,異常検知",社会駆動,画像認識,5
イメージ解析特論DS,"本講義では,大規模・複雑なイメージングデータからその背後に潜在する本質的構造を理解・定量化する上で必要なイメージ解析についての教育研究を行う。講義ではまず,空間フィルタやモルフォルジ処理など古典的な画像処理を概説する。次に,SIFTによるスケール不変な特徴の抽出や,動的輪郭法など,ディープラーニング登場以前からよく用いられてきたセグメンテーション技術について導入する。さらに,物体追跡の代表的な技術として,ベイズ推論に基づく状態推定アルゴリズムについて学ぶ。さらに,ここ10年ほどで急速な発展を遂げた,ディープラーニングに基づくセグメンテーションや追跡技術について学ぶ。最後に,自然科学や工学双方で非常に重要な技術である,画像からの異常検出技術について学ぶ。",德永旭将,yes,no,1,2,集中講義,前期,選必,"イメージ解析,コンピュータビジョン,ベイズ推論,ディープラーニング,統計的機械学習,異常検知",専門深化,データ科学,1
イメージ解析特論MI,"本講義では,大規模・複雑なイメージングデータからその背後に潜在する本質的構造を理解・定量化する上で必要なイメージ解析についての教育研究を行う。講義ではまず,空間フィルタやモルフォルジ処理など古典的な画像処理を概説する。次に,SIFTによるスケール不変な特徴の抽出や,動的輪郭法など,ディープラーニング登場以前からよく用いられてきたセグメンテーション技術について導入する。さらに,物体追跡の代表的な技術として,ベイズ推論に基づく状態推定アルゴリズムについて学ぶ。さらに,ここ10年ほどで急速な発展を遂げた,ディープラーニングに基づくセグメンテーションや追跡技術について学ぶ。最後に,自然科学や工学双方で非常に重要な技術である画像からの異常検出技術について学ぶ。",德永旭将,yes,no,1,2,集中講義,前期,選必,"イメージ解析,コンピュータビジョン,ベイズ推論,ディープラーニング,統計的機械学習,異常検知",専門深化,メディア情報学,1
インストラクショナルデザイン特論,この授業では、インストラクショナルデザイン（教育設計）の原理と実践に焦点を当て、効果的な学習環境の設計、学習スタイルの理解、教育技術の活用方法などを学びます。,小林雄志,yes,yes,4,1,木曜３限,第2クォーター,選,インストラクショナルデザイン、学習スタイル、メタ認知、協同学習,GEプログラム,,
コンピュテーショナルフォトグラフィ特論AI,画像の認識・理解・生成のために，撮影済みの画像の処理方法だけでなく，画像の撮影方法（カメラ・照明）を工夫することも考えられる．この授業では，画像の認識・理解・生成のために画像の撮影方法と処理方法の両方を工夫する方法論であるコンピュテーショナルフォトグラフィについて解説する．また，関連分野の最新の文献を受講者から紹介してもらい議論する．,岡部孝弘,no,yes,4,2,火曜２限・金曜３限,第4クォーター,選必,コンピュテーショナルフォトグラフィ，コンピュータビジョン，画像処理,専門深化,人工知能,
コンピュテーショナルフォトグラフィ特論MI,画像の認識・理解・生成のために，撮影済みの画像の処理方法だけでなく，画像の撮影方法（カメラ・照明）を工夫することも考えられる．この授業では，画像の認識・理解・生成のために画像の撮影方法と処理方法の両方を工夫する方法論であるコンピュテーショナルフォトグラフィについて解説する．また，関連分野の最新の文献を受講者から紹介してもらい議論する．,岡部孝弘,no,yes,4,2,火曜２限・金曜３限,第4クォーター,選必,コンピュテーショナルフォトグラフィ，コンピュータビジョン，画像処理,専門深化,メディア情報学,4
コンピュータアニメーション特論AI,コンピュータアニメーションの応用技術を学習する。コンピュータアニメーションを利用したソフトウェアを開発する上で役に立つ最新技術を、実際の演習を交えながら習得することを目標とする。本授業の講義スライドやプログラミング演習の資料は、下記の授業のウェブページで公開する。http://www.ha.ai.kyutech.ac.jp/lecture/aca/,尾下真樹,yes,yes,5,2,月曜１限・木曜３限,第1クォーター,選必,コンピュータアニメーション、コンピュータグラフィックス、OpenGL、アプリケーション開発,専門深化,人工知能,
コンピュータアニメーション特論MI,コンピュータアニメーションの応用技術を学習する。コンピュータアニメーションを利用したソフトウェアを開発する上で役に立つ最新技術を、実際の演習を交えながら習得することを目標とする。本授業の講義スライドやプログラミング演習の資料は、下記の授業のウェブページで公開する。http://www.ha.ai.kyutech.ac.jp/lecture/aca/,尾下真樹,yes,yes,3,2,月曜１限・木曜３限,第1クォーター,選必,コンピュータアニメーション、コンピュータグラフィックス、OpenGL、アプリケーション開発,専門深化,メディア情報学,4
サイバーセキュリティ,近年頻発するサイバー攻撃を紹介しつつ、その対策や組織内における運用、その運用体制について講義する。,荒木俊輔,yes,no,1,1,木曜３限,第4クォーター,選,サーバー攻撃、サイバーセキュリティ、インシデント対応、セキュリティ運用,社会駆動,金融・流通,1
スポーツ情報学特論,スポーツ情報学はスポーツ科学と情報学の学際的な研究領域と言える。本授業では、スポーツ情報学に関わる多様な研究を理解するとともに，ICTが実際のスポーツ場面においてどのように活用されているかについて体験的に学習する。,山田雅之,yes,no,4,1,月曜４限,第2クォーター,選,スポーツと情報、ゲーム分析、熟達化、コーチング、スポーツマネージメント,GEプログラム,,
ダイバーシティ特論,ダイバーシティの視点について学んだうえで、これまで当然のものとしてとらえられてきた事象に潜む問題について検討します。そのうえで、現代社会において多様な個性、価値観、考え方などをどのように生かすことができるか考え、ダイバーシティの視点を用いながら、各自の生き方を再考することをねらいとします。,金子研太,yes,no,1,1,金曜２限,第3クォーター,選,ダイバーシティ社会的公正,GEプログラム,,2
チームソフトウェアプロセスI,プロジェクトチームが従うチームソフトウェアプロセスについての講義・演習を通してプロジェクトの合理的マネジメントを学習させる．講義では，プロジェクトの要件と品質とスケジュールの目標の設定と見積もり，自立チームの構築，プロジェクト計画の作成と遂行の追跡，プロジェクトメンバー間のコミュニケーションなどの手法を導入する．また、演習では，ひとつのソフトウェアシステムについて2〜3サイクルからなる開発計画を立案させ、そのサイクル1を実行させる．,梅田政信,yes,no,4,2,月曜３限・月曜４限,第3クォーター,選,チームソフトウェアプロセス，自律チーム，プロジェクトの合理的マネジメント，循環開発プロセス，プロジェクトラウンチ（発進），チーム構築，チームコミュニケーション，プロジェクト計画作成，獲得価値、プロジェクト品質目標，ワークブレークダウンストラクチャ(WBS),社会駆動,ソフトウェア開発プロセス,
チームソフトウェアプロセスII,プロジェクトチームが従うチームソフトウェアプロセスについての講義・演習を通してプロジェクトの合理的マネジメントを学習させる．「チームソフトウエアプロセス演習演習1」で実施したサイクル1の結果を踏まえて，サイクル2のプロジェクトの要件と品質とスケジュールの目標の設定と見積もり，自立チームの構築，プロジェクト計画の作成と遂行の追跡，プロジェクトメンバー間のコミュニケーションなどについて演習させる．,梅田政信,yes,no,4,1,月曜３限・月曜４限,第4クォーター,選,チームソフトウェアプロセス，自律チーム，プロジェクトの合理的マネジメント，循環開発プロセス，プロジェクトラウンチ（発進），チーム構築，チームコミュニケーション，プロジェクト計画作成，獲得価値、プロジェクト品質目標，ワークブレークダウンストラクチャ(WBS),社会駆動,ソフトウェア開発プロセス,
デザインシンキング入門演習,〇先行きが見えない時代の中、これまでにない発想力で新製品や新規事業を創造できる人材が求められている。企業へ就職する場合でも、一方ベンチャーを自ら起業していく場合でも、世の中の課題をいち早くキャッチし、その課題を解決するためにこれまでにないアイデアを具現化していく熱意が重要であり、このような起業家精神（アントレプレナーシップ）は多くの企業で求められるマインドである。〇中でも「デザインシンキング（デザイン思考）」はアントレプレナーシップ教育の根幹をなす方法論であり、長年スタンフォード大学で実施されてきた手法である。シリコンバレーの様々な企業が新規事業の創出やイノベーション創出に用いてきた歴史があり、日本国内の企業でも導入されつつある。そのため、就職活動にすぐに生かせる実践的な内容である。〇本授業では、デザインシンキングについて演習を通してその考え方や方法論を学び、技術者や起業家として仕事を行う際に必要とされる「課題発見・解決能力」と「コミュニケーション能力」の向上を図り、実社会で中心となって活躍できる人材を育成することを目的とする。,中藤良久,yes,no,4,1,水曜５限・水曜６限,第1クォーター,選,起業家精神、アントレプレナーシップ、デザインシンキング（デザイン思考）、ペルソナ,社会駆動,アントレプレナーシップ,2
デジタル画像処理特論CR,人が思考する際に、画像処理は、画像を情報化する重要な手法である。また、実際に研究を遂行する多様な場面で、計算機を用いた画像処理が必要となる。本講義では、計算機で画像処理を行うための基礎と日常に使用されている画像処理技術を取り上げる。デジタル画像処理技術を通して、思考を数理化するための技術を講義する。また，実際の応用例として，たとえば，医用画像（ＣＴ）や生体の電子顕微鏡写真などを用い，現場での使用例を講義する。,安永卓生,yes,no,4,2,月曜２限・金曜２限,第1クォーター,選,デジタル画像処理、フーリエ変換、コンピュータトモグラフィー、画像分類、電子顕微鏡、医用画像,社会駆動,画像認識,
トレーディングアルゴリズム,株取引における基礎知識やテクニカル指標について概説するとともに、Pythonによるプログラムを用いて株の自動取引を行うための基本的な手法について説明する。また、バックテストを用いた取引アルゴリズムの評価について説明するとともに、自動取引に必要なwebスクレイピング技術についても触れる。,藤原暁宏,yes,no,4,1,水曜３限,第2クォーター,選,フィンテック，アルゴリズムトレード,社会駆動,金融・流通,
ネットワーク経済学,マーケットデザイン、特にマッチングとオークションの基礎を学ぶ。,大石英貴,yes,no,2,1,月曜４限,第4クォーター,選,マッチングオークション,GEプログラム,,2
ネットワーク解析特論,ネットワーク（グラフ）は、生物学、社会学、生態学、情報インフラストラクチャー、WWW、インターネットなど、多くの分野の複雑なシステムを記述することができる強力なモデルである。ビッグデータ時代の到来からネットワークデータは日々蓄積されており、このようなデータから知識抽出することが求められている。本講義では、このような大規模で複雑なネットワークを解析・知識抽出するための理論、モデル、計算手法について実例を交えながら紹介する。特に、社会ネットワーク（SNS）解析、生体分子ネットワーク解析、生態系ネットワーク解析、などの応用についても言及する。,竹本和広,yes,yes,2,2,非同期,第1クォーター,選,データ科学，複雑ネットワーク,基礎科目,,2
パーソナルソフトウェアプロセスI,個人がプログラムを開発するためのソフトウェアプロセス(PSP)の基本的知識を講義し，演習を通して実践的なスキルを修得させる．本授業の導入内容は、パーソナルプロセス，プログラム開発の測定，そのために必要な標準，測定データに基づくソフトウェア規模と開発時間の見積もり手法，計画立案手法，品質測定手法である．,梅田政信,yes,no,4,2,月曜３限・月曜４限,第1クォーター,選,パーソナルプロセス，プロセス測定，コーディング標準，PROBE，獲得価値,社会駆動,ソフトウェア開発プロセス,
パーソナルソフトウェアプロセスII,ソフトウェアの品質は，その構成要素であるソフトウェアコンポーネントの品質に依存する．本授業では、「パーソナルソフトウェアプロセス(PSP)計画演習」で学んだことを基礎に，さらに，プログラムの品質目標を設定し，それを達成するために，計画立案し追跡する手法を講義し，演習を通して実践的なスキルを修得させる．,梅田政信,yes,no,4,1,月曜３限・月曜４限,第2クォーター,選,パーソナルプロセス，ソフトウェア設計，レビュー，ソフトウェア品質，欠陥作り込み，欠陥除去，欠陥密度，AF/R，イールド,社会駆動,ソフトウェア開発プロセス,
ビジネスプラン演習,〇先行きが見えない時代の中、これまでにない発想力で新製品や新規事業を創造できる人材が求められている。企業へ就職する場合でも、一方ベンチャーを自ら起業していく場合でも、世の中の課題をいち早くキャッチし、その課題を解決するためにこれまでにないアイデアを具現化していく熱意が重要であり、このような起業家精神（アントレプレナーシップ）は多くの企業で求められるマインドである。〇ベンチャー企業を起業する際には、「ビジネスプラン」の作成が必須である。このビジネスプランの良し悪しによって、投資家や銀行などの出資者からの資金が得られるかどうかが決まり、起業できるかどうかが決まることになる。一方、大企業において研究開発や商品開発、プロジェクトの立案など、様々な場面で「ビジネスプラン」の作成が必要となる場面は多い。事業責任者や上司への納得性の高い資料の作成と説明ができることは、ビジネスマンとしての重要な能力・スキルの一つである。そのため、本講義で修得する方法論や考え方は、就職活動にすぐに生かせる実践的な内容であると言える。〇本講義では、ビジネスプランについて演習を通してその考え方や方法論を学び、技術者や起業家が仕事を行う際に重要な能力・スキルの向上を図り、実社会で中心となって活躍できる人材を育成することを目的とする。,中藤良久,yes,no,5,1,水曜４限・水曜６限,第2クォーター,選,起業家精神、アントレプレナーシップ、ビジネスプラン,社会駆動,アントレプレナーシップ,4
ビジネス・人・社会のモデリングES,妥当なビジネスシステムを開発するためには，システムを取り巻く世界を理解する必要がある．本講義では，ビジネス領域のモデル化を行うための技術として，ソフトウェア工学におけるモデル化手法，および社会調査法などで適用される手法を解説する．,中谷多哉子,yes,no,4,2,集中講義,前期,選,オブジェクト指向モデリング，要求工学，UML，ビジネスモデル,社会駆動,アントレプレナーシップ,
ビッグデータ処理特論,本講義では，データマイニングと，機械学習，情報検索等の応用と密接な関係があるビッグデータ（大規模データ）処理について講義を行う．特に，グラフや文字列などの大規模非構造データに対する列挙，探索，最適化のアルゴリズムに焦点をあてて，パターン発見（集合・グラフ発見）や，パターン検索（正規表現検索），テキスト索引（接尾辞木と接尾辞配列）のトピックを中心に学ぶ。,有村博紀,yes,no,1,1,集中講義,前期,選,構造データからの機械学習，データマイニング、頻出・閉アイテム集合、グラフマイニング，テキスト索引，アルゴリズムとデータ構造,社会駆動,AI応用,1
フィナンシャルテクノロジー,金融分野における業務や取り組み事例について概説するとともに、フィンテック業務に携わる情報系技術者との対話を通して、金融分野における情報技術の役割に対する理解を深める。また、海外の金融事業や金融業務におけるデジタルトランスフォーメーションの取り組みを紹介するとともに、グループディスカッションとプレゼンテーションを通して、情報技術を用いた事業の検討を行う。,藤原暁宏,yes,no,4,1,水曜４限,第3クォーター,選,金融業務、フィンテック,社会駆動,金融・流通,
ブロックチェーン,ビットコインを通じて、公開鍵暗号、デジタル署名、プルーフオブワーク、ピアツーピアネットワークなどがどのようにしてブロックチェーンを構成するのかについて講義する。また本分野における最新動向について講義する。,荒木俊輔,no,no,3,1,木曜３限,第3クォーター,選,ブロックチェーン、トランザクション、プルーフオブワーク,社会駆動,金融・流通,2
プロジェクトマネジメント演習ES,一般的なプロジェクトマネジメントの概念とその基礎原理を説明し、それをベースにソフトウェア開発におけるプロジェクトマネジメントについて講義し、演習する。また、フローマネジメントやクリティカルチェーンプロジェクトマネジメントについても講義し、演習する。,峯恵一,yes,no,4,2,集中講義,前期,選,"プロジェクトマネジメント、プロジェクトプロセス、プロジェクト計画、チームビルディング、リスクマネジメント、品質マネジメント、TOC,フローマネジメント、クリティカルチェーンプロジェクトマネジメント",社会駆動,アントレプレナーシップ,
ベンチャービジネス創出論,先行きが見えない時代の中、これまでにない発想力で新製品や新規事業を創造できる人材が求められている。企業へ就職する場合でも、一方ベンチャーを自ら起業していく場合でも、世の中の課題をいち早くキャッチし、その課題を解決するためにこれまでにないアイデアを具現化していく熱意が重要であり、このような起業家精神（アントレプレナーシップ）は多くの企業で求められるマインドである。米国シリコンバレーではイノベーション創出を活発に行う中で多くの新商品や新サービスを生み出してきた歴史があり、日本国内でも徐々に浸透しつつある。本授業では、実際にベンチャー企業を立ち上げた起業家やベンチャー企業で活躍する専門家を招聘し、新しい価値を生み出して社会を変えていくことの意味や実際の起業することの楽しさや難しさなどについて語っていただき、これからの困難な世の中を生きていく上での必要な考え方や能力・スキルなどについて一緒に考える。その結果、本授業を通じて本学の学生・院生等が自ら新しいことに挑戦していき、世の中を変えるような新しい価値を創出できるような人材となっていくための有益な機会となることを期待する。,中藤良久,yes,yes,1,1,水曜４限・水曜５限,第3クォーター,選,起業家精神、アントレプレナーシップ、イノベーション、ベンチャー,GEプログラム,,1
マルチメディア工学特論AI,コンピュータグラフィックスを中心に，画像や音声など種々のメディアにおけるデータの表現や各種処理について講義する．さらに，関連する分野の最新の文献を受講者から紹介してもらい議論する．,乃万司,no,no,4,2,月曜２限・木曜４限,第3クォーター,選必,マルチメディア，コンピュータグラフィックス，アニメーション，仮想現実，擬人化エージェント,専門深化,人工知能,
マルチメディア工学特論MI,コンピュータグラフィックスを中心に，画像や音声など種々のメディアにおけるデータの表現や各種処理について講義する．さらに，関連する分野の最新の文献を受講者から紹介してもらい議論する．,乃万司,no,no,1,2,月曜２限・木曜４限,第3クォーター,選必,マルチメディア，コンピュータグラフィックス，アニメーション，仮想現実，擬人化エージェント,専門深化,メディア情報学,1
並列分散アルゴリズム,並列分散処理のための計算モデル、および、アルゴリズムに関する教育と研究を行う。特に、クラスタ処理を用いた並列処理におけるアルゴリズムや、ブロックチェーン等の分散台帳システムにおいて用いられるコンセンサスアルゴリズムなどに焦点をあてる。,藤原暁宏,no,yes,2,2,非同期,第2クォーター,選,"並列分散処理,アルゴリズム",社会駆動,金融・流通,3
人工知能特論AI,人工知能のうち，データマイニングにおける決定木構築アルゴリズム・相関規則マイニング・クラスタリングについて，それらの手法とアルゴリズムの設計方法について学ぶ．,平田耕一,no,no,2,2,集中講義,前期,選必,決定木，相関規則，クラスタリング,専門深化,人工知能,3
人工知能特論DS,人工知能のうち，データマイニングや機械学習における決定木構築アルゴリズム・相関規則マイニング・クラスタリングについて，それらの手法とアルゴリズムの設計方法について学ぶ．,平田耕一,no,no,2,2,集中講義,前期,選必,決定木，相関規則，クラスタリング,専門深化,データ科学,2
人工知能特論MI,人工知能のうち，データマイニングにおける決定木構築アルゴリズム・相関規則マイニング・クラスタリングについて，それらの手法とアルゴリズムの設計方法について学ぶ．,平田耕一,no,no,2,2,集中講義,前期,選必,決定木，相関規則，クラスタリング,専門深化,メディア情報学,3
人間情報システム特論AI,一人ひとりの状態に応じてニーズに合ったきめ細やかなサービスを自動で提供するシステム（人を中心とした知的システム）を構築するためには，人の行動をいかに計測し，計測した情報から人の状態をいかに推定するかが重要である．本講義では，行動センシング技術，人の状態推定手法について簡単な演習を交えつつ解説する．また，関連分野の最新の文献を受講者から紹介してもらい議論する．,武村紀子,no,no,4,2,水曜３限・金曜２限,第2クォーター,選必,センシング，パターン認識，機械学習,専門深化,人工知能,
人間情報システム特論CR,一人ひとりの状態に応じてニーズに合ったきめ細やかなサービスを自動で提供するシステム（人を中心とした知的システム）を構築するためには，人の行動をいかに計測し，計測した情報から人の状態をいかに推定するかが重要である．本講義では，行動センシング技術，人の状態推定手法について簡単な演習を交えつつ解説する．また，関連分野の最新の文献を受講者から紹介してもらい議論する．,武村紀子,no,no,4,2,水曜３限・金曜２限,第2クォーター,選,センシング，パターン認識，機械学習,社会駆動,画像認識,
人間情報システム特論DS,一人ひとりの状態に応じてニーズに合ったきめ細やかなサービスを自動で提供するシステム（人を中心とした知的システム）を構築するためには，人の行動をいかに計測し，計測した情報から人の状態をいかに推定するかが重要である．本講義では，行動センシング技術，人の状態推定手法について簡単な演習を交えつつ解説する．また，関連分野の最新の文献を受講者から紹介してもらい議論する．,武村紀子,no,no,4,2,水曜３限・金曜２限,第2クォーター,選必,センシング，パターン認識，機械学習,専門深化,データ科学,
人間情報システム特論MI,一人ひとりの状態に応じてニーズに合ったきめ細やかなサービスを自動で提供するシステム（人を中心とした知的システム）を構築するためには，人の行動をいかに計測し，計測した情報から人の状態をいかに推定するかが重要である．本講義では，行動センシング技術，人の状態推定手法について簡単な演習を交えつつ解説する．また，関連分野の最新の文献を受講者から紹介してもらい議論する．,武村紀子,no,no,2,2,水曜３限・金曜２限,第2クォーター,選必,センシング，パターン認識，機械学習,専門深化,メディア情報学,1
代数的組合せ論I,本講義では情報数学に関する数学の中でも特に有限体について講義する。具体的には有限体の存在と一意性及び、その諸性質について講義する。,田上真,no,no,4,1,月曜２限,第1クォーター,選,集合論、整数論、有限体,基礎科目,,4
代数的組合せ論II,本講義では代数的組合せ論を通じて、符号理論の基礎を学ぶ。講義は代数的組合せ論Iで学んだ知識を基に種々の組合せ構造を構築する。この組合せ構造により、固定した符号長に対して、誤り訂正能力が最大である符号を構成することを目標とする。数学がいかに情報科学である符号理論に応用されるかを解説する。,田上真,no,no,2,1,木曜２限,第3クォーター,選,有限体、有限幾何、符号理論,基礎科目,,5
企業経営システム特論,"""本講義は企業が事業運営をする上で必要となる情報システムの事例を取り上げ、情報システムをもつべき要件及びその設計思想について経営におけるＤＸの観点から学ぶ。例えば、社外である顧客との関係を構築するためのシステムであるＣＲＭ（CustomerRelationshipManagement:顧客関係管理）や社内における企業経営の基本となる資源管理のためのシステムであるERP（EnterpriseResourcePlanning:統合基幹業務システム）などが挙げられる。実際にチームでデモ環境を利用したりアイディアソンを行ったりすることで、経営の観点から企業情報システムの設計方針、ＵXに加え経営に繋げるデザイン思考を学ぶ。",,yes,no,1,1,集中講義,前期,選,企業システム，ERP，CRM，デザイン思考,GEプログラム,,2
位相的データ解析特論AI,"データ解析は得られた情報（データ）から特徴を抽出するために不可欠な技術である．通常の（古典的な）データ解析は正規分布などの何らかの分布モデルを仮定して行われる．通常のデータ解析をもとに機械学習を行う場合，その学習結果の当てはまりの良さは仮定した分布モデルが適切なものであるかに依存することになる．ビッグデータのような分布の数理モデルが不明であるもについては適切な分布モデルを探し求めることが問題になる．本授業科目で取り扱う「位相的データ解析」（TopologicalDataAnalysis,TDA）は位相幾何学的手法によりデータのもつ「形」からデータの特徴を抽出する技術であり，分布モデルを仮定する必要はない．本授業科目では，TDAを理解するために必要な数学的基礎理論（位相空間論，ホモロジー論）について解説し，TDAの基本的道具であるパーシストホモロジー群やmapperについて理解することを目的とする．",佐藤好久,yes,no,4,2,月曜２限・水曜２限,第4クォーター,選必,位相空間，可換環，加群，ホモロジー群，パーシステントホモロジー群，mapper,専門深化,人工知能,
位相的データ解析特論DS,"データ解析は得られた情報（データ）から特徴を抽出するために不可欠な技術である．通常の（古典的な）データ解析は正規分布などの何らかの分布モデルを仮定して行われる．通常のデータ解析をもとに機械学習を行う場合，その学習結果の当てはまりの良さは仮定した分布モデルが適切なものであるかに依存することになる．ビッグデータのような分布の数理モデルが不明であるもについては適切な分布モデルを探し求めることが問題になる．本授業科目で取り扱う「位相的データ解析」（TopologicalDataAnalysis,TDA）は位相幾何学的手法によりデータのもつ「形」からデータの特徴を抽出する技術であり，分布モデルを仮定する必要はない．本授業科目では，TDAを理解するために必要な数学的基礎理論（位相空間論，ホモロジー論）について解説し，TDAの基本的道具であるパーシストホモロジー群やmapperについて理解することを目的とする．",佐藤好久,yes,no,4,2,月曜２限・水曜２限,第4クォーター,選必,位相空間，可換環，加群，ホモロジー群，パーシステントホモロジー群，mapper,専門深化,データ科学,
位相的データ解析特論MI,"データ解析は得られた情報（データ）から特徴を抽出するために不可欠な技術である．通常の（古典的な）データ解析は正規分布などの何らかの分布モデルを仮定して行われる．通常のデータ解析をもとに機械学習を行う場合，その学習結果の当てはまりの良さは仮定した分布モデルが適切なものであるかに依存することになる．ビッグデータのような分布の数理モデルが不明であるもについては適切な分布モデルを探し求めることが問題になる．本授業科目で取り扱う「位相的データ解析」（TopologicalDataAnalysis,TDA）は位相幾何学的手法によりデータのもつ「形」からデータの特徴を抽出する技術であり，分布モデルを仮定する必要はない．本授業科目では，TDAを理解するために必要な数学的基礎理論（位相空間論，ホモロジー論）について解説し，TDAの基本的道具であるパーシストホモロジー群やmapperについて理解することを目的とする．",佐藤好久,yes,no,4,2,月曜２限・水曜２限,第4クォーター,選必,位相空間，可換環，加群，ホモロジー群，パーシステントホモロジー群，mapper,専門深化,メディア情報学,
動画像処理基礎,動画像処理の技術は，我々の生活の様々な場面で活用されている．本講義では，動画像処理技術を支える数学について講義，演習により確認する．具体的には，オプティカルフロー推定，対象物体追跡を対象とする．,榎田修一,yes,yes,2,1,非同期,第3クォーター,選,LK法，最小二乗法，MeanShift，勾配法，ParticleFilter，逐次モンテカルロ法,基礎科目,,1
動画像処理特論CR,動画像処理の技術は，我々の生活の様々な場面で活用されている．本講義では，動画像処理技術を支える数学について講義，演習により確認する．具体的には，オプティカルフロー推定，対象物体追跡を対象とする．,榎田修一,yes,yes,4,2,非同期,第3クォーター,選,LK法，最小二乗法，MeanShift，勾配法，ParticleFilter，逐次モンテカルロ法，深層学習,社会駆動,画像認識,
国際関係特論,本授業の学習目標は、現代の国際関係現象を複眼的に捉えるための思考枠組みの修得です。現代的な現象に切り込むための糸口としてインターネット端末の普及などに焦点を当て、先端技術と国際関係がいかに密接に絡み合っているかを掘り下げます。リベラル国際秩序の揺らぎ、ハイブリッド戦争、エコノミック・ステイトクラフト／経済安全保障、サイバー空間の拡張、新興国のデジタル化、といった動向を学ぶことで、全8回の授業を通して現代の国際関係現象の重層的な成り立ちについて考えてみましょう。,大山貴稔,no,no,2,1,金曜２限,第3クォーター,選,リベラル国際秩序、ハイブリッド戦争、エコノミック・ステイトクラフト、サイバー空間の拡張、新興国のデジタル化、セキュリタイゼーション,GEプログラム,,1
圧縮情報処理特論AI,データ圧縮は，データの冗長性を取り除くことでデータ量を削減する技術である．従来，データ圧縮はデータを効率的に送受信・保存するための技術として発展してきたが，データを利用する際にかかる展開コストがデータの活用を妨げてしまうという問題があり，この問題はデータが爆発的に増加している近年，一層顕著になっている．このような背景から，「圧縮データを展開せずにそのまま利用する技術」や「情報処理の効率を上げるために圧縮を積極的に用いる手法」が盛んに研究されている．本講義では，近年発展が著しい「圧縮情報処理」の理論と応用を学ぶ．,井智弘,yes,no,4,2,月曜３限・水曜３限,第4クォーター,選必,データ圧縮，データ処理，検索，類似検索，索引，アルゴリズムとデータ構造,専門深化,人工知能,
圧縮情報処理特論DS,データ圧縮は，データの冗長性を取り除くことでデータ量を削減する技術である．従来，データ圧縮はデータを効率的に送受信・保存するための技術として発展してきたが，データを利用する際にかかる展開コストがデータの活用を妨げてしまうという問題があり，この問題はデータが爆発的に増加している近年，一層顕著になっている．このような背景から，「圧縮データを展開せずにそのまま利用する技術」や「情報処理の効率を上げるために圧縮を積極的に用いる手法」が盛んに研究されている．本講義では，近年発展が著しい「圧縮情報処理」の理論と応用を学ぶ．,井智弘,yes,no,4,2,月曜３限・水曜３限,第4クォーター,選必,データ圧縮，データ処理，検索，類似検索，索引，アルゴリズムとデータ構造,専門深化,データ科学,
圧縮情報処理特論MI,データ圧縮は，データの冗長性を取り除くことでデータ量を削減する技術である．従来，データ圧縮はデータを効率的に送受信・保存するための技術として発展してきたが，データを利用する際にかかる展開コストがデータの活用を妨げてしまうという問題があり，この問題はデータが爆発的に増加している近年，一層顕著になっている．このような背景から，「圧縮データを展開せずにそのまま利用する技術」や「情報処理の効率を上げるために圧縮を積極的に用いる手法」が盛んに研究されている．本講義では，近年発展が著しい「圧縮情報処理」の理論と応用を学ぶ．,井智弘,yes,no,4,2,月曜３限・水曜３限,第4クォーター,選必,データ圧縮，データ処理，検索，類似検索，索引，アルゴリズムとデータ構造,専門深化,メディア情報学,
多文化共生特論,持続可能なグローバル社会の発展のため多様性の尊重が重要視される一方、多様性はこれまでの秩序を乱すものとして排除の対象にもなりうる。我々が暮らす現代社会には、自文化中心主義・排他主義とそれに対抗する多文化主義の言説がせめぎ合っている。本講義では、多様性とは何か、多様な文化が共生する社会とは何か、という問いを根底に置き、国内外の多文化共生の課題や職場・教育機関・地域社会での多文化共生に関する取り組みを考察する。さらに、グループ・ディスカッションを通して、批判的思考力、問題解決力、コミュニケーション力を涵養しつつ、多文化共生社会の促進のために必要な態度とは何かについて理解を深める。,加藤鈴子,yes,no,4,1,月曜４限,第1クォーター,選,ダイバーシティ、エクイティ&インクルージョン、多文化共生、人権、異文化間コンピテンス,GEプログラム,,
応用線形代数,制御理論や機械学習などの専門分野を学んでいく上で，より深い線形代数の知識が必要となる．この講義では，行列の正定値性，特異値分解，疑似逆行列，連立方程式の最小二乗解，クロネッカー積などについて学ぶ．また，近似問題の定式化に不可欠なベクトルや信号，行列などのノルムについても学ぶ．,瀨部昇,no,yes,2,1,非同期,第1クォーター,選,固有値，特異値，正定値性，ベクトルノルム，信号のノルム,基礎科目,,2
思考モデリングAI,本講義では、人の思考をコンピュータで扱うための方法論について講義を行う。具体的には、人の思考プロセスおよび人が持っている知識をコンピュータを用いて推定・蓄積するための手法について述べる。さらに、思考モデリング／ユーザモデリング（以下，思考モデリング）の結果の利用例として、計算機システムが利用者のモデルを推定し利用者の知識状態を考慮した対応をとる方法についても述べる。,國近秀信,no,yes,4,2,非同期,第2クォーター,選必,ユーザモデリング、知識表現、思考プロセス、対話システム,専門深化,人工知能,
思考モデリングMI,本講義では、人の思考をコンピュータで扱うための方法論について講義を行う。具体的には、人の思考プロセスおよび人が持っている知識をコンピュータを用いて推定・蓄積するための手法について述べる。さらに、思考モデリング／ユーザモデリング（以下，思考モデリング）の結果の利用例として、計算機システムが利用者のモデルを推定し利用者の知識状態を考慮した対応をとる方法についても述べる。,國近秀信,no,yes,4,2,非同期,第2クォーター,選必,ユーザモデリング、知識表現、思考プロセス、対話システム,専門深化,メディア情報学,
情報可視化特論,大規模な多次元データの分布や特徴を対話的に可視化する諸技術を紹介し，関連するアプリケーションを用いた演習を通じて，データ分析の道具として活用できる実践的能力を習得させる．,坂本比呂志,no,no,1,1,集中講義,前期,選,情報可視化，データ・サイエンス，対話的分析,社会駆動,AI応用,1
情報数学特論,数学的な知識を駆使して，計算機科学の諸問題を解くためのテクニックについて学ぶ．,坂本比呂志,yes,yes,1,2,非同期,第3クォーター,選,離散数学，情報検索，データ構造，並列計算，計算困難問題など,基礎科目,,1
情報社会学,現在の日本社会で生じている社会問題について、研究や実践の動向を把握した上で、情報技術を用いた改善策の立案を学生主体で行う。情報化やそれとともに生じているグローバル化は、しばしば国が統制できる範囲を超えて、ローカルな社会に多くの課題を生じさせている。例えば都市部への人口集中に伴う過疎地域の出現や、労働規制の緩和による不安定就労の増加が挙げられる。他方で、それはこれまでの拘束から人々を解放する側面もあり、抑圧されてきた経験の共有や新たな出会いの機会をもたらしている。本授業では、こうした変化を踏まえつつ、これまで学んできた情報技術を、どのように社会課題の改善に活かすかを主体的に考える場とする。,井口尚樹,yes,no,4,1,木曜４限,第4クォーター,選,情報化、グローバル化、AIの発達、人間拡張、障害、社会モデル、生きづらさ、少子高齢化、未婚化、子育て支援、社会調査,GEプログラム,,
数学基礎特論,数学を学ぶときにかならず必要となる、論理・集合・写像・基数・関係・順序・位相空間・距離空間といった概念について丁寧に学び、論理的思考力を錬成する。,乃美正哉,yes,no,1,2,水曜２限・金曜１限,第1クォーター,選,"論理,集合,写像,基数,関係,順序,位相空間,距離空間",基礎科目,,2
新規事業創出論,先行きが見えない時代の中、これまでにない発想力で新製品や新規事業を創造できる人材が求められている。企業へ就職する場合でも、一方ベンチャーを自ら起業していく場合でも、世の中の課題をいち早くキャッチし、その課題を解決するためにこれまでにないアイデアを具現化していく熱意が重要であり、このような起業家精神（アントレプレナーシップ）は多くの企業で求められるマインドである。一方、企業や研究所に勤める際に求められる能力とは何か、在学中の早い段階で意識し努力をすることは大変重要である。本授業では、実際に企業で活躍する技術者や企業経験のある専門家を招聘し、企業において新規事業を立ち上げることの意味や新商品や新サービスを生み出していく方法論などについて語っていただき、企業で求められる能力・スキルとはどのようなものか理解し、定着させることを目指す。また、並行して自分自身のスキルレベルの把握、研究テーマや業務のまとめ、調査活動などを行うことによって、自らの現状を把握し、自らの能力やスキルを向上させる方法を見出せるようになることを目指す。,中藤良久,yes,yes,4,1,水曜５限・水曜６限,第4クォーター,選,コミュニケーション能力、プロジェクトマネジメント、リーダシップ,GEプログラム,,1
時系列データ解析特論AI,時系列解析とは、株価、為替レートなどの金融・経済データ、気温や降水量などの気象データ、地震波などの地球・宇宙科学のデータ、脳波や心電図などの医学・生物データなど、私たちをとりまく実世界の現象が記録されたデータから、その現象の複雑・不確実かつダイナミックなシステムを解明し、その将来の変動を予測・制御、また意味のある要約や統計情報を抽出するための方法である。近年のIoT化やデジタル化などの発展により日々生み出される時系列データは膨大であり、現代的なデータサイエンスの視点における時系列解析が求められている。言い換えると、時系列ビッグデータに対して適切にモデリングし、適切な情報を取り出す手法として、従来の時系列モデリングに代表される統計科学的アプローチに加えて、機械学習の手法を組み合わせた新たな時系列解析手法のニーズが高まっている。本講義で、時系列の探索的データ解析や具体的な前処理の手法をはじめ、従来の統計的時系列解析における様々な時系列モデルやスペクトル推定、さらにはディープラーニングによる時系列解析など近年高まっている機械学習アプローチについて学ぶ。,藤本晶子,no,no,2,2,月曜４限・木曜５限,第2クォーター,選必,時系列データ、スペクトル推定、自己回帰モデル、状態空間モデル、非定常時系列解析,専門深化,人工知能,2
時系列データ解析特論DS,時系列解析とは、株価、為替レートなどの金融・経済データ、気温や降水量などの気象データ、地震波などの地球・宇宙科学のデータ、脳波や心電図などの医学・生物データなど、私たちをとりまく実世界の現象が記録されたデータから、その現象の複雑・不確実かつダイナミックなシステムを解明し、その将来の変動を予測・制御、また意味のある要約や統計情報を抽出するための方法である。近年のIoT化やデジタル化などの発展により日々生み出される時系列データは膨大であり、現代的なデータサイエンスの視点における時系列解析が求められている。言い換えると、時系列ビッグデータに対して適切にモデリングし、適切な情報を取り出す手法として、従来の時系列モデリングに代表される統計科学的アプローチに加えて、機械学習の手法を組み合わせた新たな時系列解析手法のニーズが高まっている。本講義で、時系列の探索的データ解析や具体的な前処理の手法をはじめ、従来の統計的時系列解析における様々な時系列モデルやスペクトル推定、さらにはディープラーニングによる時系列解析など近年高まっている機械学習アプローチについて学ぶ。,藤本晶子,no,no,1,2,月曜４限・木曜５限,第2クォーター,選必,時系列データ、スペクトル推定、自己回帰モデル、状態空間モデル、非定常時系列解析,専門深化,データ科学,1
時系列データ解析特論MI,時系列解析とは、株価、為替レートなどの金融・経済データ、気温や降水量などの気象データ、地震波などの地球・宇宙科学のデータ、脳波や心電図などの医学・生物データなど、私たちをとりまく実世界の現象が記録されたデータから、その現象の複雑・不確実かつダイナミックなシステムを解明し、その将来の変動を予測・制御、また意味のある要約や統計情報を抽出するための方法である。近年のIoT化やデジタル化などの発展により日々生み出される時系列データは膨大であり、現代的なデータサイエンスの視点における時系列解析が求められている。言い換えると、時系列ビッグデータに対して適切にモデリングし、適切な情報を取り出す手法として、従来の時系列モデリングに代表される統計科学的アプローチに加えて、機械学習の手法を組み合わせた新たな時系列解析手法のニーズが高まっている。本講義で、時系列の探索的データ解析や具体的な前処理の手法をはじめ、従来の統計的時系列解析における様々な時系列モデルやスペクトル推定、さらにはディープラーニングによる時系列解析など近年高まっている機械学習アプローチについて学ぶ。,藤本晶子,no,no,4,2,月曜４限・木曜５限,第2クォーター,選必,時系列データ、スペクトル推定、自己回帰モデル、状態空間モデル、非定常時系列解析,専門深化,メディア情報学,
暗号数学特論,高度に情報化された社会では人・物と人・物がインターネットでつながれ，情報のやり取りが行われる．情報を安全かつ正確，迅速に通信するためには情報セキュリティの技術が不可欠である．暗号理論は情報セキュリティ技術の基礎理論の一つであり，RSA暗号や楕円曲線暗号のような公開鍵暗号システムは高度な数学（代数学）の基盤の上に構築されている．この講義では，RSA暗号やElGamal暗号，楕円曲線暗号を中心に取り扱い，これらの暗号を理解するために必要な代数学（群論，可換環論，有限体論）について解説する．また，属性ベース暗号や関数型暗号などの新しい暗号システムや耐量子コンピュータ暗号（ポスト量子暗号）についても時間の許す限り解説する．,佐藤好久,no,no,3,2,火曜２限・木曜２限,第2クォーター,選,初等整数論，群論，可換環論，有限体論，RSA暗号，ElGamal暗号、楕円曲線号,基礎科目,,4
暗号理論,共通鍵暗号、公開鍵暗号、ハッシュ関数などの暗号基礎技術を講義し、ブロックチェーンで利用されている楕円曲線暗号やハッシュチェーン、デジタル通貨に関する講義を行う。,荒木俊輔,no,no,4,1,木曜３限,第2クォーター,選,公開鍵暗号・デジタル署名、暗号学的ハッシュ関数、ハッシュ(マークル)ツリー,社会駆動,金融・流通,
最適化アルゴリズム論,情報工学，情報科学，システム工学において現れる最適化問題は，離散的構造を有しているものが多く，これらは離散最適化問題として定式化される．扱う情報は爆発的に増え，これら大量の情報を処理するためには，高性能なアルゴリズムの設計技法や効率の良いデータ構造の知識が必要不可欠である．本講義では，様々な組合せ最適化問題，グラフ・ネットワークに関する最適化問題，計算幾何に関する最適化問題などを取り上げ，アルゴリズムの系統的設計手法，及び解析手法を概観する．,宮野英次,no,no,3,2,火曜１限・火曜２限,第1クォーター,選,数理最適化，組合せ最適化，データ構造，離散アルゴリズム，計算複雑さ,基礎科目,,3
検索アルゴリズム論AI,集合型データ構造の最も基本的な手続きであり、データベースシステムの根幹であり、またあらゆる高度な情報科学的技法、情報システムに不可欠な構成要素、あるいはその目的自体といえることも少なくない検索の技法について、学部の授業科目であまり扱わない高度な技法、特にアルゴリズミックな手法を中心に解説する。,下薗真一,yes,no,4,2,火曜５限・金曜３限,第2クォーター,選必,情報検索，検索アルゴリズム，データ構造，二色木，B木，文字列検索,専門深化,人工知能,
検索アルゴリズム論DS,集合型データ構造の最も基本的な手続きであり、データベースシステムの根幹であり、またあらゆる高度な情報科学的技法、情報システムに不可欠な構成要素、あるいはその目的自体といえることも少なくない検索の技法について、学部の授業科目であまり扱わない高度な技法、特にアルゴリズミックな手法を中心に解説する。,下薗真一,yes,no,4,2,火曜５限・金曜３限,第2クォーター,選必,情報検索，検索アルゴリズム，データ構造，二色木，B木，文字列検索,専門深化,データ科学,
検索アルゴリズム論MI,集合型データ構造の最も基本的な手続きであり、データベースシステムの根幹であり、またあらゆる高度な情報科学的技法、情報システムに不可欠な構成要素、あるいはその目的自体といえることも少なくない検索の技法について、学部の授業科目であまり扱わない高度な技法、特にアルゴリズミックな手法を中心に解説する。,下薗真一,yes,no,2,2,火曜５限・金曜３限,第2クォーター,選必,情報検索，検索アルゴリズム，データ構造，二色木，B木，文字列検索,専門深化,メディア情報学,1
機械学習特論:理論とアルゴリズム,テキストや映像、インターネットの閲覧履歴など、各種データはますます大量に生み出され、その重要性は増す一方である。こういったデータを分かりやすく理解し、活用する手段として近年注目されているのがデータ科学/機械学習/人工知能である。本講義ではその理論と手法一般について解説するとともに、演習を通して実際のデータの解析法などを扱う。,西郷浩人,no,no,2,2,集中講義,前期,選,統計、最適化、学習、パターン認識、人工知能、データマイニング,基礎科目,,2
深層学習特論IAI,ThiswillbeanEnglishlecture.Intendedaudiencesare(1)foreignstudentand(2)Japanesestudents.NoJapanesematerialsareprovided.Thislecturepicksupthehottopicsindeeplearning.Thislecturedoesnotcoverthewideareaofdeeplearningbutonlyfocusesonsometopics.LattersectionrequirestosubmittheEnglishreport.WedonotacceptJapanesereportorpresentation.,大北剛,no,no,1,1,火曜３限,第1クォーター,選必,"DeepLearning,MachineLearning.",専門深化,人工知能,1
深層学習特論IDS,ThiswillbeanEnglishlecture.Intendedaudiencesare(1)foreignstudentand(2)Japanesestudents.NoJapanesematerialsareprovided.Thislecturepicksupthehottopicsindeeplearning.Thislecturedoesnotcoverthewideareaofdeeplearningbutonlyfocusesonsometopics.LattersectionrequirestosubmittheEnglishreport.WedonotacceptJapanesereportorpresentation.,大北剛,no,no,1,1,火曜３限,第1クォーター,選必,"DeepLearning,MachineLearning.",専門深化,データ科学,1
深層学習特論IMI,ThiswillbeanEnglishlecture.Intendedaudiencesare(1)foreignstudentand(2)Japanesestudents.NoJapanesematerialsareprovided.Thislecturepicksupthehottopicsindeeplearning.Thislecturedoesnotcoverthewideareaofdeeplearningbutonlyfocusesonsometopics.LattersectionrequirestosubmittheEnglishreport.WedonotacceptJapanesereportorpresentation.,大北剛,no,no,4,1,火曜３限,第1クォーター,選必,"DeepLearning,MachineLearning.",専門深化,メディア情報学,
深層学習特論IIAI,"深層学習の構築法や理論を講義することにより、人工知能のコア技術を習得するとともに、LLMと生成AIなどの最新技術にも触れる.トピック的に紹介する形で,全体を基礎から講義するスタイルではないことに注意されたい.背景の知識を得るための教材は、授業の中で紹介する。また、後半部の論文紹介は、講義受講生が行う形を考えている.授業は、支障なければ、ほとんど全てを遠隔で行う予定です.",大北剛,no,no,1,2,火曜３限・火曜４限,第2クォーター,選必,"深層学習、機械学習、LLM,生成AI,コンピュータビジョン、量子機械学習,深層強化学習",専門深化,人工知能,1
深層学習特論IIDS,"深層学習の構築法や理論を講義することにより、人工知能のコア技術を習得するとともに、LLMと生成AIなどの最新技術にも触れる.トピック的に紹介する形で,全体を基礎から講義するスタイルではないことに注意されたい.背景の知識を得るための教材は、授業の中で紹介する。また、後半部の論文紹介は、講義受講生が行う形を考えている.授業は、支障なければ、ほとんど全てを遠隔で行う予定です.",大北剛,no,no,1,2,火曜３限・火曜４限,第2クォーター,選必,"深層学習、機械学習、LLM,生成AI,コンピュータビジョン、量子機械学習,深層強化学習",専門深化,データ科学,1
深層学習特論IIMI,"深層学習の構築法や理論を講義することにより、人工知能のコア技術を習得するとともに、LLMと生成AIなどの最新技術にも触れる.トピック的に紹介する形で,全体を基礎から講義するスタイルではないことに注意されたい.背景の知識を得るための教材は、授業の中で紹介する。また、後半部の論文紹介は、講義受講生が行う形を考えている.授業は、支障なければ、ほとんど全てを遠隔で行う予定です.",大北剛,no,no,4,2,火曜３限・火曜４限,第2クォーター,選必,"深層学習、機械学習、LLM,生成AI,コンピュータビジョン、量子機械学習,深層強化学習",専門深化,メディア情報学,
物理数学概論,超伝導体は電気抵抗がゼロであることから様々な機器応用への利用が期待されている。この超伝導体の物理現象はGinzburg-Landau(G-L)理論でよく説明されるが、この理論から導き出されるG-L方程式は、超伝導体の自由エネルギーを変分法を用いて最小化することで得られる。すなわち現代物理学における理論解析には変分法のような数学的手法が重要になってくる。ここではラグランジュ方程式、変分法、ハミルトニアン方程式、ベクトル解析等に焦点をあて、物理現象の理論解明に関する教育研究を行う。,木内勝,yes,no,4,2,火曜３限・金曜３限,第3クォーター,選,"解析力学、ラグランジュ,オイラー方程式、ハミルトニアン、正準変換,シュレーディンガー方程式,GL方程式",基礎科目,,
環境学特論,1980年代以降、地球環境の悪化が懸念され始め、1992年に地球サミットとして知られる国連環境開発会議において、環境に関する3つの条約が採択されました。1997年には、この条約のひとつから京都議定書が合意され、地球温暖化の原因となっている温室効果ガス排出量の削減を先進国に義務化しました。しかしながら、地球環境はさらに深刻化しており、地球が許容できる限界を超えると言われています。2015年になると、持続可能な開発目標（SDGs）とパリ協定が誕生し、国際社会は問題解決の方法を変えました。国家に対する規制的手法から、全ての人々を巻き込んだ多面的な分野からの解決方法を模索しています。本授業では、持続可能性の概念から、環境問題を考える上で必要となる包括的な教養と視野を育みます。トピックとしては、地球規模で進行する気候変動やプラスチック問題に焦点をあて、グローバル社会での最新の知見を提供する講義に加え、ローカルな取組や可能性についても考えます。また、国際社会の一員として、地球規模課題に自分の専門性を通じて貢献するグローバル・エンジニア人材を育むことを目指します。,蔡佩宜,yes,no,4,1,月曜４限,第4クォーター,選,地球環境問題、環境政策、地球温暖化、プラスチック、エネルギー、感染症、持続可能な発展,GEプログラム,,
画像認識特論AI,画像認識とは、コンピュータを用いて画像データから文字や顔などのオブジェクトや、対象物の形状や数、明暗、色などの特徴を捉え、対象物を識別するパターン認識技術の一つである。深層学習の登場により人工知能（AI）の計算能力が飛躍的に向上し、音声認識からデータ分析、画像認識など、様々な分野で進展している。特に画像認識はAIにより大きく発展した分野の代表例である。本講義では画像認識について、基礎から応用について講義する。具体的には、深層学習が主流となる以前のアルゴリズムや近年の深層学習を用いたアルゴリズム、画像認識の活用事例について教授する。画像認識に関連する論文読みや演習を課す。,齊藤剛史,no,no,2,2,木曜３限・木曜４限,第2クォーター,選必,画像認識、画像処理、パターン認識、深層学習,専門深化,人工知能,2
画像認識特論CR,画像認識とは、コンピュータを用いて画像データから文字や顔などのオブジェクトや、対象物の形状や数、明暗、色などの特徴を捉え、対象物を識別するパターン認識技術の一つである。深層学習の登場により人工知能（AI）の計算能力が飛躍的に向上し、音声認識からデータ分析、画像認識など、様々な分野で進展している。特に画像認識はAIにより大きく発展した分野の代表例である。本講義では画像認識について、基礎から応用について講義する。具体的には、深層学習が主流となる以前のアルゴリズムや近年の深層学習を用いたアルゴリズム、画像認識の活用事例について教授する。画像認識に関連する論文読みや演習を課す。,齊藤剛史,no,no,4,2,木曜３限・木曜４限,第2クォーター,選,画像認識、画像処理、パターン認識、深層学習,社会駆動,画像認識,
画像認識特論DS,画像認識とは、コンピュータを用いて画像データから文字や顔などのオブジェクトや、対象物の形状や数、明暗、色などの特徴を捉え、対象物を識別するパターン認識技術の一つである。深層学習の登場により人工知能（AI）の計算能力が飛躍的に向上し、音声認識からデータ分析、画像認識など、様々な分野で進展している。特に画像認識はAIにより大きく発展した分野の代表例である。本講義では画像認識について、基礎から応用について講義する。具体的には、深層学習が主流となる以前のアルゴリズムや近年の深層学習を用いたアルゴリズム、画像認識の活用事例について教授する。画像認識に関連する論文読みや演習を課す。,齊藤剛史,no,no,1,2,木曜３限・木曜４限,第2クォーター,選必,画像認識、画像処理、パターン認識、深層学習,専門深化,データ科学,1
画像認識特論MI,画像認識とは、コンピュータを用いて画像データから文字や顔などのオブジェクトや、対象物の形状や数、明暗、色などの特徴を捉え、対象物を識別するパターン認識技術の一つである。深層学習の登場により人工知能（AI）の計算能力が飛躍的に向上し、音声認識からデータ分析、画像認識など、様々な分野で進展している。特に画像認識はAIにより大きく発展した分野の代表例である。本講義では画像認識について、基礎から応用について講義する。具体的には、深層学習が主流となる以前のアルゴリズムや近年の深層学習を用いたアルゴリズム、画像認識の活用事例について教授する。画像認識に関連する論文読みや演習を課す。,齊藤剛史,no,no,1,2,木曜３限・木曜４限,第2クォーター,選必,画像認識、画像処理、パターン認識、深層学習,専門深化,メディア情報学,1
知能情報概論,本講義は，知的情報処理に関する最新のトピックを幅広く学ぶための講義である．知能分野の3コースであるデータ科学，人工知能，メディア情報学コースの各分野における特色ある研究や最新の成果がどのような分野で活用されているかを，実例を通して学ぶ．,本田あおい,yes,yes,1,1,非同期,第1クォーター,選,データ科学，人工知能，メディア情報学,社会駆動,AI応用,1
知能情報演習AI,本演習は、データ科学、AI、メディア情報に関するPBL型総合演習である。履修生を複数名から構成されるグループに分け、各グループで実践的な課題および課題解決のための計画を設計させる。グループワークとして課題解決に取り組み、コンペ形式で各グループの成果物について発表させ、教員のみでなく学生による相互評価を踏まえつつ評価する。この課題解決への取り組みを通して、知能情報分野における実践的な課題探求能力と課題解決能力を育成する。,嶋田和孝,no,no,4,1,木曜１限・木曜２限,第3クォーター,選必,データ科学、人工知能、メディア情報学、PBL演習,専門深化,人工知能,4
知能情報演習DS,本演習は、データ科学、AI、メディア情報に関するPBL型総合演習である。履修生を複数名から構成されるグループに分け、各グループで実践的な課題および課題解決のための計画を設計させる。グループワークとして課題解決に取り組み、コンペ形式で各グループの成果物について発表させ、教員のみでなく学生による相互評価を踏まえつつ評価する。この課題解決への取り組みを通して、知能情報分野における実践的な課題探求能力と課題解決能力を育成する。,嶋田和孝,no,no,2,1,木曜１限・木曜２限,第3クォーター,選必,データ科学、人工知能、メディア情報学、PBL演習,専門深化,データ科学,1
知能情報演習MI,本演習は、データ科学、AI、メディア情報に関するPBL型総合演習である。履修生を複数名から構成されるグループに分け、各グループで実践的な課題および課題解決のための計画を設計させる。グループワークとして課題解決に取り組み、コンペ形式で各グループの成果物について発表させ、教員のみでなく学生による相互評価を踏まえつつ評価する。この課題解決への取り組みを通して、知能情報分野における実践的な課題探求能力と課題解決能力を育成する。,嶋田和孝,no,no,4,1,木曜１限・木曜２限,第3クォーター,選必,データ科学、人工知能、メディア情報学、PBL演習,専門深化,メディア情報学,
確率数値解析特論,確率微分方程式の数値解法について講義する．確率微分方程式は確率的な振る舞いを考慮に入れなければならない物理現象を記述するのに優れている．その応用範囲は広く，生体内の化学反応，乱流拡散など様々な対象を記述できる．しかし，確率微分方程式の解が解析的に求まるケースは稀である．その為，近似解を与える数値解法が望まれ，今日までにそのような解法が発展してきた．本講義では，確率微分方程式の導入から代表的な数値解法の導出及び応用問題への適用まで総合的に言及する．,小守良雄,yes,no,4,2,月曜３限・木曜５限,第3クォーター,選,確率微分方程式，数値解法，近似解，数値的安定性，確率ルンゲクッタ法,基礎科目,,
算法表現特論AI,知的情報処理を実現するためのアルゴリズムで必要となる制御構造，手続き，および，データ構造の表現を理解し，人工知能の対象領域であるゲームプログラミングを題材として，様々なゲーム木探索法と探索の効率化手法を学ぶ．,中村貞吾,yes,no,4,2,月曜５限・木曜４限,第1クォーター,選必,αβ探索，トランスポジションテーブル，反復深化法，証明数探索，モンテカルロ木探索,専門深化,人工知能,
算法表現特論DS,知的情報処理を実現するためのアルゴリズムで必要となる制御構造，手続き，および，データ構造の表現を理解し，人工知能の対象領域であるゲームプログラミングを題材として，様々なゲーム木探索法と探索の効率化手法を学ぶ．,中村貞吾,yes,no,4,2,月曜５限・木曜４限,第1クォーター,選必,αβ探索，トランスポジションテーブル，反復深化法，証明数探索，モンテカルロ木探索,専門深化,データ科学,
算法表現特論MI,知的情報処理を実現するためのアルゴリズムで必要となる制御構造，手続き，および，データ構造の表現を理解し，人工知能の対象領域であるゲームプログラミングを題材として，様々なゲーム木探索法と探索の効率化手法を学ぶ．,中村貞吾,yes,no,3,2,月曜５限・木曜４限,第1クォーター,選必,αβ探索，トランスポジションテーブル，反復深化法，証明数探索，モンテカルロ木探索,専門深化,メディア情報学,3
経営戦略特論,産業や社会のデジタルトランスフォーメーション（ＤＸ）が進み、世界がフラット化する環境において、企業は将来に渡る経営戦略を再検討する時期が来ている。本講義では、様々な業種から講師を招き、ＤＸ時代にどのような課題や問題を発見し、どのような経営戦略や人材育成戦略を掲げて、それらを解決していこうとしているか等の企業の戦略に触れる。それらに基づいて、高度情報技術者として生み出すべきものは何か、そのためにはどのような技術開発が必要とされているか等について、学習する。授業はオムニバス形式で、各回に以下のテーマに基づいて、講義する。・業界・企業概要の紹介・経営戦略と人事戦略、人材育成、これからの時代に求められる人材像・DXの紹介,坂本比呂志,no,no,1,1,水曜４限,第1クォーター,選,経営戦略、採用活動、人事戦略、DX,GEプログラム,,1
統計的データ解析特論,人工知能技術の発展に伴いデータ解析の重要性が増してきたが、近年は技術革新やさらに法整備も進みビッグデータの利活用が一気に加速している。こららの解析に使われる手法の多くは伝統的な統計手法を基盤としたものが多く、統計学の素養が人工知能の理解や直感的な発見にもつながり、情報技術者にとって統計学の知識を持つことは大きな強みとなるといえる。本科目では、統計における重要な項目、学部科目の数理統計では時間的制約から扱うことのできなかった重要なトピックスや最新のトピックスを講義する。,本田あおい,yes,no,1,2,月曜４限・水曜１限,第1クォーター,選,データサイエンス、ビッグデータ、機械学習、人工知能、ベイズ推論、検定と推定、SHAP,基礎科目,,1
自然言語処理特論AI,WWWの普及により電子化された大規模な言語データが存在し，それらを対象とした自然言語処理の重要性が増している。本授業では，機械学習や統計的手法などに基づく言語処理の基本と要素技術，応用例について教授する。,嶋田和孝,yes,no,1,2,火曜２限・金曜３限,第3クォーター,選必,自然言語処理，コーパス，テキストマイニング,専門深化,人工知能,1
自然言語処理特論DS,WWWの普及により電子化された大規模な言語データが存在し，それらを対象とした自然言語処理の重要性が増している。本授業では，機械学習や統計的手法などに基づく言語処理の基本と要素技術，応用例について教授する。,嶋田和孝,yes,no,1,2,火曜２限・金曜３限,第3クォーター,選必,自然言語処理，コーパス，テキストマイニング,専門深化,データ科学,1
自然言語処理特論MI,WWWの普及により電子化された大規模な言語データが存在し，それらを対象とした自然言語処理の重要性が増している。本授業では，機械学習や統計的手法などに基づく言語処理の基本と要素技術，応用例について教授する。,嶋田和孝,yes,no,2,2,火曜２限・金曜３限,第3クォーター,選必,自然言語処理，コーパス，テキストマイニング,専門深化,メディア情報学,2
言語学特論,最近では小学校でも英語教育が導入され，ますます日本における英語教育熱は高まる一方ですが，その一方で「日本人は英語ができない」と相変わらず言われ続けているという現状があります．この授業では，その「日本人が英語ができない」原因を言語学的に分析します．そもそも「英語ができる」というのはどのような状態を指すのかということに始まり，文構造や音韻構造において，英語と日本語が本質的な部分で大きな違いがあることを理解することを目標とします．結果として，英語学習の能力向上の一助になることも期待します．,高木一広,yes,no,4,1,金曜２限,第1クォーター,選,言語学，英語学，日本語学，第二言語習得,GEプログラム,,
金融業務概論,金融業務、セキュリティ技術、加えて新たな流れとしての金融DX、暗号資産などのフィンテック業務について、金融業務にかかわる情報系技術者により概説する。,荒木俊輔,no,no,4,1,水曜２限,第3クォーター,選,金融業務、フィンテック、DX、サイバーセキュリティ,社会駆動,金融・流通,
離散アルゴリズム特論AI,計算機で扱う実問題の多くは，グラフなどの離散構造としてモデル化され，離散最適化問題として見ることができる．しかし，離散最適化問題に対してアルゴリズムを単純に設計すると，組合せ爆発により，現実的な時間で解くことができないため，効率的なアルゴリズムの設計が必要とされている．本講義では離散最適化問題を効率的に解くための高度なアルゴリズム設計技法およびその解析手法について学ぶ．,齋藤寿樹,yes,no,4,2,月曜４限・月曜５限,第3クォーター,選必,離散アルゴリズム、データ構造、計算量理論，計算複雑さ，分枝限定法，動的計画法，フロンティア法,専門深化,人工知能,
離散アルゴリズム特論DS,計算機で扱う実問題の多くは，グラフなどの離散構造としてモデル化され，離散最適化問題として見ることができる．しかし，離散最適化問題に対してアルゴリズムを単純に設計すると，組合せ爆発により，現実的な時間で解くことができないため，効率的なアルゴリズムの設計が必要とされている．本講義では離散最適化問題を効率的に解くための高度なアルゴリズム設計技法およびその解析手法について学ぶ．,齋藤寿樹,yes,no,4,2,月曜４限・月曜５限,第3クォーター,選必,離散アルゴリズム、データ構造、計算量理論，計算複雑さ，分枝限定法，動的計画法，フロンティア法,専門深化,データ科学,
離散アルゴリズム特論MI,計算機で扱う実問題の多くは，グラフなどの離散構造としてモデル化され，離散最適化問題として見ることができる．しかし，離散最適化問題に対してアルゴリズムを単純に設計すると，組合せ爆発により，現実的な時間で解くことができないため，効率的なアルゴリズムの設計が必要とされている．本講義では離散最適化問題を効率的に解くための高度なアルゴリズム設計技法およびその解析手法について学ぶ．,齋藤寿樹,yes,no,2,2,月曜４限・月曜５限,第3クォーター,選必,離散アルゴリズム、データ構造、計算量理論，計算複雑さ，分枝限定法，動的計画法，フロンティア法,専門深化,メディア情報学,3
電磁気学特論,現在，単結晶の育成や液体金属の制御など様々な産業分野で電磁気学の知識が使われており，それを正しく理解することは将来的にそれらの技術をさらに発展させる上で重要である．本講義では，学部時に学習した電磁気学をさらに深いレベルで学び，電磁場の諸法則を基礎方程式から導出していく．その際に必要となる解析手法についても丁寧に解説する．,河野晴彦,yes,yes,4,2,火曜４限・木曜３限,第4クォーター,選,電磁場，Poisson方程式，誘電体，Maxwell方程式，荷電粒子の運動，電磁波,基礎科目,,
高機能メディア工学特論AI,ディジタル化された文書，写真，映画，音楽などのデジタルコンテンツの流通が急増し，産業への適用が急速に進んでいる現在，セキュリティ対策やプライバシ保護によるコンテンツの保護や，メディアに依存したコンテンツの統合方法や高付加価値化が強く求められている．本講義では、メディアに対してセキュリティを実現するひとつのアプローチ，情報ハイディングをベースとした種々のメディアセキュリティ技術や、その基礎となるいくつかの暗号技術を取り上げる。さらに、プログラミングにより実際に種々のアルゴリズムを実装し、メディア情報処理の基礎技術を身につける。,新見道治,no,no,4,2,水曜３限・金曜４限,第3クォーター,選必,ディジタルメディア、コンテンツ保護、セキュリティ、情報ハイディング、暗号、ステガナリシス,専門深化,人工知能,
高機能メディア工学特論MI,ディジタル化された文書，写真，映画，音楽などのデジタルコンテンツの流通が急増し，産業への適用が急速に進んでいる現在，セキュリティ対策やプライバシ保護によるコンテンツの保護や，メディアに依存したコンテンツの統合方法や高付加価値化が強く求められている．本講義では、メディアに対してセキュリティを実現するひとつのアプローチ，情報ハイディングをベースとした種々のメディアセキュリティ技術や、その基礎となるいくつかの暗号技術を取り上げる。さらに、プログラミングにより実際に種々のアルゴリズムを実装し、メディア情報処理の基礎技術を身につける。,新見道治,no,no,4,2,水曜３限・金曜４限,第3クォーター,選必,ディジタルメディア、コンテンツ保護、セキュリティ、情報ハイディング、暗号、ステガナリシス,専門深化,メディア情報学,